id,email,last_name,first_name,gender,birthday,prefecture_id
1,shibasaki_asahi@example.com,柴咲,朝陽,2,"1978-03-12 00:00:00",1
2,sawamura_keisuke@example.com,沢村,啓介,1,"1973-08-27 00:00:00",14
3,abe_atsuko@example.com,阿部,淳子,2,"2000-02-15 00:00:00",28
4,sako_shouta@example.com,佐古,翔太,1,"1995-01-29 00:00:00",25
5,miyazato_hitori@example.com,宮里,ひとり,1,"1996-06-13 00:00:00",28
6,umezawa_kaori@example.com,梅沢,かおり,2,"1974-01-10 00:00:00",18
7,matsumura_tamaki@example.com,松村,たまき,2,"1996-08-01 00:00:00",3
8,takaoka_houshi@example.com,高岡,法嗣,1,"1987-12-30 00:00:00",17
9,ooshita_yonezou@example.com,大下,米蔵,1,"1985-04-01 00:00:00",30
10,nishioka_masaya@example.com,西岡,将也,1,"1970-06-14 00:00:00",27
11,iiduka_yuuta@example.com,飯塚,勇太,1,"1978-02-25 00:00:00",24
12,kawase_yuu@example.com,川瀬,優,1,"1970-08-11 00:00:00",11
13,taki_tomoka@example.com,滝,友香,2,"1950-04-06 00:00:00",24
14,uchida_reina@example.com,内田,怜奈,2,"1981-08-12 00:00:00",12
15,shimokawa_toshio@example.com,下川,利夫,1,"1952-11-15 00:00:00",40
16,sakaguchi_masahiko@example.com,坂口,雅彦,1,"1984-04-25 00:00:00",12
17,nakashima_ukyou@example.com,中島,右京,1,"1965-09-19 00:00:00",8
18,ozaki_yoshiki@example.com,尾崎,剛基,1,"1986-07-12 00:00:00",27
19,takayanagi_masaya@example.com,高柳,将也,1,"1989-08-22 00:00:00",14
20,kumai_reiko@example.com,熊井,礼子,2,"1995-01-28 00:00:00",28
21,oowada_mitsuhiro@example.com,大和田,光博,1,"1996-02-05 00:00:00",15
22,sugano_kenichi@example.com,菅野,ケンイチ,1,"1953-10-13 00:00:00",14
23,kanata_shunji@example.com,彼方,俊二,1,"1996-01-12 00:00:00",14
24,tamayama_shidou@example.com,玉山,獅童,1,"1970-11-21 00:00:00",28
25,tsuchiya_miki@example.com,土屋,みき,2,"1958-11-08 00:00:00",13
26,kuribayashi_hiroko@example.com,栗林,ひろ子,2,"1976-05-28 00:00:00",27
27,mita_shunji@example.com,三田,隼士,1,"1955-02-11 00:00:00",16
28,nakata_maho@example.com,中田,真帆,2,"1989-12-11 00:00:00",28
29,ogasawara_miri@example.com,小笠原,美里,2,"1977-06-09 00:00:00",12
30,onnda_tsutomu@example.com,恩田,勤,1,"1959-08-08 00:00:00",11
31,kadota_asaka@example.com,角田,朝香,2,"1948-01-05 00:00:00",19
32,umezawa_hitomi@example.com,梅沢,ひとみ,2,"1953-01-14 00:00:00",5
33,horiguchi_girolamo@example.com,堀口,ジローラモ,1,"1978-06-19 00:00:00",28
34,hosoda_waka@example.com,細田,和香,2,"1996-07-31 00:00:00",47
35,takagi_koutarou@example.com,高樹,孝太郎,1,"1979-03-30 00:00:00",33
36,iijima_akihiro@example.com,飯島,明宏,1,"1978-08-04 00:00:00",9
37,oohira_keita@example.com,大平,慶太,1,"1988-10-31 00:00:00",27
38,yoneda_sansei@example.com,米田,三省,1,"1963-06-13 00:00:00",3
39,oki_mayuko@example.com,沖,真悠子,2,"1963-03-17 00:00:00",14
40,iwasa_mami@example.com,岩佐,まみ,2,"1965-10-04 00:00:00",43
41,taira_chinatsu@example.com,平,千夏,2,"1982-08-29 00:00:00",11
42,kadota_sadawo@example.com,角田,サダヲ,1,"1964-05-03 00:00:00",23
43,tada_haruka@example.com,多田,遥,2,"1958-03-11 00:00:00",28
44,ono_miyuki@example.com,小野,美幸,2,"1987-08-16 00:00:00",11
45,ogura_kouji@example.com,小倉,晃司,1,"1950-12-26 00:00:00",14
46,yokota_naoto@example.com,横田,直人,1,"1999-01-26 00:00:00",11
47,hidaka_sousuke@example.com,日高,蒼甫,1,"1954-11-07 00:00:00",9
48,kozaka_michiko@example.com,小坂,美智子,2,"1999-02-14 00:00:00",1
49,sugimoto_riko@example.com,杉本,璃子,2,"1956-11-29 00:00:00",33
50,shimomura_miki@example.com,下村,美希,2,"1978-02-08 00:00:00",10
51,tsuji_miki@example.com,辻,美紀,2,"1964-07-08 00:00:00",13
52,fukazawa_shunji@example.com,深沢,隼士,1,"1978-12-09 00:00:00",1
53,maki_miyuki@example.com,牧,美幸,2,"1999-03-14 00:00:00",20
54,hino_harumi@example.com,日野,はるみ,2,"1973-01-30 00:00:00",14
55,kanaya_haruka@example.com,金谷,遥,2,"1982-10-09 00:00:00",20
56,itano_naoto@example.com,坂野,直人,1,"1985-08-28 00:00:00",9
57,kasai_chise@example.com,葛西,知世,2,"1990-02-07 00:00:00",14
58,takemura_miyuki@example.com,竹村,美幸,2,"1970-12-08 00:00:00",23
59,nagai_meibi@example.com,永井,明日,2,"1994-03-14 00:00:00",40
60,ootsuki_shidou@example.com,大槻,獅童,1,"1985-06-25 00:00:00",27
61,houjou_asami@example.com,北条,あさみ,2,"1986-06-26 00:00:00",10
62,ookura_asami@example.com,大倉,あさみ,2,"1971-08-04 00:00:00",22
63,negishi_teruo@example.com,根岸,照生,1,"1978-05-27 00:00:00",47
64,oguri_mia@example.com,小栗,みあ,2,"1960-02-04 00:00:00",15
65,yano_youko@example.com,矢野,陽子,2,"1981-08-26 00:00:00",37
66,hirano_tooru@example.com,平野,徹,1,"1962-09-22 00:00:00",23
67,kanezawa_shunji@example.com,金沢,俊二,1,"1984-03-28 00:00:00",5
68,arita_misaki@example.com,有田,美咲,2,"1986-09-05 00:00:00",45
69,kitayama_kenji@example.com,北山,賢治,1,"1956-09-11 00:00:00",33
70,kitada_yuu@example.com,北田,優,1,"1999-08-06 00:00:00",13
71,kuriyama_erika@example.com,栗山,エリカ,2,"1999-06-03 00:00:00",22
72,nishino_kouhei@example.com,西野,幸平,1,"1981-05-25 00:00:00",14
73,moriyama_haruki@example.com,森山,春樹,2,"1988-04-19 00:00:00",28
74,shinagawa_kenji@example.com,品川,研二,1,"1953-11-10 00:00:00",2
75,ida_rina@example.com,井田,里奈,2,"1958-05-12 00:00:00",5
76,fujii_haruka@example.com,藤井,遥,2,"1963-08-01 00:00:00",4
77,hasegawa_shidou@example.com,長谷川,獅童,1,"1980-06-15 00:00:00",11
78,kawanishi_chinatsu@example.com,河西,千夏,2,"1971-12-04 00:00:00",14
79,kanai_yuuta@example.com,金井,雄太,1,"1982-10-18 00:00:00",6
80,ichihara_daigorou@example.com,市原,大五郎,1,"1952-07-27 00:00:00",43
81,kojima_mamoru@example.com,小島,守,1,"1987-04-11 00:00:00",47
82,yada_kaoru@example.com,矢田,薫,2,"1994-06-16 00:00:00",35
83,tsuchiya_ryuukichi@example.com,土屋,龍吉,1,"1986-04-18 00:00:00",27
84,ogura_yutaka@example.com,小倉,豊,1,"1974-07-22 00:00:00",11
85,shioya_shou@example.com,塩谷,翔,1,"1951-06-06 00:00:00",13
86,taguchi_natsumi@example.com,田口,菜摘,2,"1966-10-10 00:00:00",18
87,nagasawa_saori@example.com,長沢,早織,2,"1968-06-16 00:00:00",23
88,miyaji_stmaria@example.com,宮地,サンタマリア,2,"1954-04-27 00:00:00",15
89,namase_arata@example.com,生瀬,新太,1,"1990-09-15 00:00:00",35
90,miki_natsuki@example.com,三木,奈月,2,"1960-09-26 00:00:00",14
91,yonezawa_myuu@example.com,米沢,美優,2,"1955-06-20 00:00:00",8
92,shimamura_nanami@example.com,島村,菜々美,2,"1955-06-18 00:00:00",22
93,oka_tasuku@example.com,岡,佑,1,"1957-09-06 00:00:00",13
94,banntou_masayuki@example.com,坂東,雅之,1,"1965-07-25 00:00:00",1
95,nakatani_ryou@example.com,中谷,亮,1,"1992-06-19 00:00:00",14
96,sakagami_riho@example.com,坂上,里穂,2,"1951-03-31 00:00:00",12
97,watanabe_chise@example.com,渡辺,知世,2,"1972-12-02 00:00:00",47
98,tashiro_erika@example.com,田代,エリカ,2,"1990-03-12 00:00:00",23
99,takai_sawa@example.com,高井,砂羽,2,"1994-01-05 00:00:00",28
100,hiratsuka_masakazu@example.com,平塚,マサカズ,1,"1984-12-30 00:00:00",40
101,inoue_tooru@example.com,井上,徹,1,"1977-02-12 00:00:00",13
102,kishimoto_miki@example.com,岸本,みき,2,"1954-07-28 00:00:00",14
103,hosaka_emiko@example.com,保坂,恵望子,2,"1995-04-23 00:00:00",12
104,nishimura_yui@example.com,西村,結衣,2,"1970-07-24 00:00:00",12
105,hata_miri@example.com,羽田,美里,2,"1992-04-04 00:00:00",13
106,ootsu_ayame@example.com,大津,綾2,2,"1959-11-22 00:00:00",13
107,tsuboi_tatsuya@example.com,坪井,竜也,1,"1990-09-01 00:00:00",35
108,kanno_keiko@example.com,菅野,景子,2,"1952-11-06 00:00:00",44
109,kitagawa_mantarou@example.com,北川,慢太郎,1,"1986-02-05 00:00:00",23
110,hara_naoto@example.com,原,直人,1,"1960-10-26 00:00:00",44
111,ai_nagisa@example.com,阿井,なぎさ,2,"1996-08-12 00:00:00",27
112,baba_haruka@example.com,馬場,遥,2,"1959-01-30 00:00:00",40
113,akabane_aki@example.com,赤羽,あき,2,"1978-04-24 00:00:00",13
114,seto_teppei@example.com,瀬戸,哲平,1,"1949-10-18 00:00:00",42
115,toyohara_maho@example.com,豊原,真帆,2,"1951-03-11 00:00:00",33
116,kanou_megumi@example.com,加納,めぐみ,2,"1966-01-27 00:00:00",13
117,furutani_ryuukichi@example.com,古谷,龍吉,1,"1971-02-23 00:00:00",13
118,tooyama_kyouko@example.com,遠山,京子,2,"1984-11-29 00:00:00",21
119,uehara_ai@example.com,上原,愛,2,"1970-08-05 00:00:00",21
120,shioya_nagisa@example.com,塩谷,なぎさ,2,"1967-04-30 00:00:00",30
121,kojima_asami@example.com,児島,あさみ,2,"1974-05-05 00:00:00",30
122,naka_aya@example.com,中,綾,2,"1999-03-19 00:00:00",18
123,ishihara_yuuko@example.com,石原,結子,2,"1950-12-10 00:00:00",27
124,yoshinaga_yutaka@example.com,吉永,豊,1,"1990-12-02 00:00:00",12
125,hirosue_yuusuke@example.com,広末,勇介,1,"1992-06-27 00:00:00",27
126,mochiduki_michiko@example.com,望月,路子,2,"1955-01-01 00:00:00",20
127,yamaoka_maki@example.com,山岡,真希,2,"1969-05-31 00:00:00",1
128,tazaki_ryou@example.com,田崎,亮,1,"1948-05-05 00:00:00",35
129,karasawa_seiichi@example.com,唐沢,誠一,1,"1988-05-31 00:00:00",15
130,takenaka_atsushi@example.com,竹中,淳,1,"1957-05-12 00:00:00",17
131,asakawa_haruka@example.com,浅川,遥,2,"1978-07-15 00:00:00",15
132,kikuchi_rokurou@example.com,菊池,禄郎,1,"1953-02-17 00:00:00",46
133,nishimoto_ryou@example.com,西本,了,1,"1958-08-04 00:00:00",14
134,nishiya_motoki@example.com,西谷,扶樹,1,"1993-09-02 00:00:00",15
135,akiba_mika@example.com,秋葉,美嘉,2,"1959-10-19 00:00:00",27
136,hanada_akira@example.com,花田,明,1,"1975-11-22 00:00:00",9
137,yokota_yuino@example.com,横田,友以乃,2,"1985-06-22 00:00:00",15
138,kawamura_rie@example.com,河村,りえ,2,"1976-10-04 00:00:00",24
139,kurosaki_masayuki@example.com,黒崎,雅之,1,"1994-06-24 00:00:00",23
140,maeno_hiroshi@example.com,前野,寛,1,"1991-05-29 00:00:00",8
141,ehara_yuino@example.com,江原,友以乃,2,"1961-08-02 00:00:00",23
142,hiraga_atsuko@example.com,平賀,淳子,2,"1964-06-03 00:00:00",34
143,katsudi_ryuuta@example.com,勝地,隆太,1,"1970-05-29 00:00:00",35
144,nakano_chikako@example.com,中野,千佳子,2,"1997-04-24 00:00:00",13
145,miyabe_jun@example.com,宮部,惇,1,"1997-01-20 00:00:00",23
146,oonuma_kaoru@example.com,大沼,薫,2,"1954-06-06 00:00:00",2
147,oyama_nanami@example.com,小山,菜々美,2,"1968-05-22 00:00:00",11
148,yagi_koutarou@example.com,八木,孝太郎,1,"1975-07-03 00:00:00",26
149,taguchi_erika@example.com,田口,恵梨香,2,"1991-05-01 00:00:00",28
150,onoda_kenji@example.com,小野田,賢治,1,"1954-08-22 00:00:00",35
151,kanaya_chise@example.com,金谷,知世,2,"1980-08-20 00:00:00",4
152,sakamoto_yoshimasa@example.com,阪本,芳正,1,"1966-05-09 00:00:00",27
153,ooshiro_kou@example.com,大城,コウ,2,"1982-07-14 00:00:00",37
154,sugimura_harumi@example.com,杉村,はるみ,2,"1969-01-30 00:00:00",14
155,kajiwara_kouhei@example.com,梶原,幸平,1,"1990-06-24 00:00:00",35
156,taue_mirai@example.com,田上,未來,1,"1971-01-27 00:00:00",10
157,takahashi_ryuukichi@example.com,高橋,龍吉,1,"1983-05-15 00:00:00",41
158,sugaya_akira@example.com,菅谷,明,1,"1959-01-31 00:00:00",40
159,fukumoto_kouji@example.com,福本,広司,1,"1995-01-03 00:00:00",7
160,arita_michiko@example.com,有田,美智子,2,"1953-11-19 00:00:00",13
161,kanaya_george@example.com,金谷,ジョージ,1,"1984-02-22 00:00:00",32
162,sakashita_kazuya@example.com,坂下,一哉,1,"1979-03-06 00:00:00",34
163,kitano_kazuki@example.com,北野,一樹,1,"1956-10-24 00:00:00",16
164,ishigaki_takashi@example.com,石垣,高史,1,"1997-12-25 00:00:00",13
165,shouji_noriko@example.com,庄司,倫子,2,"1958-09-29 00:00:00",47
166,akiyama_harumi@example.com,秋山,はるみ,2,"1976-08-02 00:00:00",29
167,udagawa_takashi@example.com,宇田川,崇史,1,"1988-09-05 00:00:00",3
168,nanase_natsumi@example.com,七瀬,菜摘,2,"1994-05-13 00:00:00",13
169,gomi_yuujirou@example.com,五味,裕次郎,1,"1962-11-15 00:00:00",8
170,oohata_masahiko@example.com,大畑,雅彦,1,"1947-05-09 00:00:00",35
171,miyazato_mika@example.com,宮里,美佳,2,"1975-03-12 00:00:00",13
172,fujimura_yousuke@example.com,藤村,洋介,1,"1988-06-18 00:00:00",24
173,sugasawa_risa@example.com,菅澤,莉沙,2,"1983-07-17 00:00:00",33
174,kageyama_shunji@example.com,影山,俊二,1,"1964-06-02 00:00:00",13
175,kumasawa_michiko@example.com,熊沢,美智子,2,"1997-02-16 00:00:00",1
176,aikawa_stmaria@example.com,相川,サンタマリア,1,"1954-05-02 00:00:00",40
177,kobayashi_hikaru@example.com,小林,光,1,"1987-04-06 00:00:00",14
178,ueno_kouji@example.com,上野,晃司,1,"1983-11-07 00:00:00",34
179,kishi_akihiro@example.com,岸,明宏,1,"1956-07-14 00:00:00",27
180,waizumi_shouta@example.com,和泉,翔太,1,"1992-01-20 00:00:00",35
181,komori_kimiaki@example.com,小森,公顕,1,"1956-08-15 00:00:00",11
182,nakatani_ryuuji@example.com,中谷,竜次,1,"1955-09-11 00:00:00",23
183,yamada_yuuichi@example.com,山田,優一,1,"1980-10-30 00:00:00",20
184,kinoshita_erika@example.com,木下,恵梨香,2,"1962-05-06 00:00:00",13
185,ijuuin_manami@example.com,伊集院,まなみ,2,"1960-09-28 00:00:00",11
186,matsuzawa_shunsuke@example.com,松澤,俊介,1,"1954-09-18 00:00:00",46
187,shirota_saya@example.com,城田,沙耶,2,"1983-02-12 00:00:00",30
188,toyoshima_shibori@example.com,豊島,しぼり,2,"1970-11-01 00:00:00",32
189,koumoto_manami@example.com,河本,まなみ,2,"1983-07-28 00:00:00",23
190,matsushima_atsushi@example.com,松島,敦,1,"1950-05-26 00:00:00",46
191,nishioka_kikuo@example.com,西岡,菊生,1,"1988-04-08 00:00:00",11
192,hayashi_maki@example.com,林,真希,2,"1990-11-17 00:00:00",12
193,takao_eiichi@example.com,高尾,栄一,1,"1962-11-04 00:00:00",14
194,kase_mika@example.com,加瀬,美嘉,2,"1993-12-16 00:00:00",7
195,kadota_toshiya@example.com,角田,敏也,1,"1947-04-05 00:00:00",9
196,hiyoshi_shinichi@example.com,比嘉,真一,1,"1954-12-07 00:00:00",20
197,sakurai_yuu@example.com,桜井,優,2,"1997-02-26 00:00:00",13
198,kannda_keita@example.com,神田,慶太,1,"1999-01-26 00:00:00",41
199,sugawara_mahiru@example.com,菅原,まひる,2,"1969-09-04 00:00:00",41
200,ai_miho@example.com,阿井,美帆,2,"1966-12-02 00:00:00",15
201,seki_kenichi@example.com,関,憲一,1,"1952-10-05 00:00:00",27
202,yasu_miwako@example.com,安,美和子,2,"1990-07-24 00:00:00",22
203,kumagaya_naoto@example.com,熊谷,直人,1,"1991-09-13 00:00:00",7
204,hara_kaori@example.com,原,かおり,2,"1996-10-06 00:00:00",38
205,kawabata_nao@example.com,川端,奈央,2,"1972-10-01 00:00:00",24
206,yorita_jun@example.com,依田,惇,1,"1969-10-25 00:00:00",28
207,sakai_mitsuru@example.com,境,満,1,"1953-08-27 00:00:00",12
208,fukazawa_keiko@example.com,深沢,景子,2,"1964-01-05 00:00:00",27
209,uchida_ryou@example.com,内田,涼,2,"1979-03-22 00:00:00",17
210,nakashima_miho@example.com,中島,美帆,2,"1956-01-25 00:00:00",43
211,matsumoto_ayako@example.com,松元,あや子,2,"1976-05-08 00:00:00",11
212,tanabe_airi@example.com,田辺,愛梨,2,"1979-01-11 00:00:00",4
213,matsumoto_nanase@example.com,松本,七世,2,"1957-04-18 00:00:00",13
214,iguchi_somegorou@example.com,井口,染五郎,1,"1953-01-21 00:00:00",46
215,okazaki_miki@example.com,岡崎,みき,2,"1970-11-18 00:00:00",28
216,umemoto_mitsuomi@example.com,梅本,光臣,1,"1967-08-05 00:00:00",4
217,adachi_hiroyuki@example.com,安達,博之,1,"1958-06-12 00:00:00",23
218,akiyama_mitsuomi@example.com,秋山,光臣,1,"1947-07-18 00:00:00",13
219,izumi_masaya@example.com,泉,将也,1,"1993-12-25 00:00:00",43
220,sone_hitomi@example.com,曽根,ひとみ,2,"1954-10-15 00:00:00",14
221,murano_yuuki@example.com,邑野,祐基,1,"1997-02-14 00:00:00",45
222,fujino_aoi@example.com,藤野,あおい,2,"1991-09-13 00:00:00",11
223,shimura_yoshiki@example.com,志村,剛基,1,"1969-04-09 00:00:00",28
224,sugasawa_hiroyuki@example.com,菅澤,宏行,1,"1996-07-25 00:00:00",28
225,yoshioka_mia@example.com,吉岡,みあ,2,"1997-02-24 00:00:00",11
226,kuruma_ruria@example.com,車,瑠璃亜,2,"1980-02-11 00:00:00",29
227,yoshizaki_ayako@example.com,吉崎,あや子,2,"1977-12-05 00:00:00",14
228,tannba_nana@example.com,丹羽,奈々,2,"1955-05-05 00:00:00",34
229,nemoto_yui@example.com,根本,結衣,2,"1993-10-04 00:00:00",11
230,yamazaki_mao@example.com,山崎,麻緒,2,"1985-07-01 00:00:00",3
231,ochiai_megumi@example.com,落合,めぐみ,2,"1988-01-27 00:00:00",43
232,matsushita_maki@example.com,松下,真希,2,"1947-11-10 00:00:00",33
233,nanase_saki@example.com,七瀬,紗季,2,"1967-12-26 00:00:00",38
234,kuroki_hajime@example.com,黒木,はじめ,1,"1964-07-27 00:00:00",13
235,shiratori_erika@example.com,白鳥,恵梨香,2,"1990-01-14 00:00:00",11
236,nakanishi_yoshimasa@example.com,中西,芳正,1,"1986-02-01 00:00:00",40
237,kubota_masaaki@example.com,久保田,聖陽,1,"1995-04-23 00:00:00",27
238,kitazawa_kousuke@example.com,北沢,功補,1,"1998-01-05 00:00:00",21
239,uno_nana@example.com,宇野,奈々,2,"1956-10-08 00:00:00",40
240,nakaduka_riho@example.com,中塚,里穂,2,"1984-01-01 00:00:00",23
241,tsuchihashi_keiko@example.com,土橋,恵子,2,"1987-09-25 00:00:00",32
242,ishizaki_saya@example.com,石崎,沙耶,2,"1956-08-23 00:00:00",7
243,yuuki_kimimaro@example.com,結城,きみまろ,1,"1967-11-04 00:00:00",46
244,maya_satoshi@example.com,真矢,聡,1,"1961-10-25 00:00:00",11
245,horie_aina@example.com,堀江,愛菜,2,"1973-06-24 00:00:00",8
246,igarashi_nana@example.com,五十嵐,那奈,2,"1973-04-15 00:00:00",26
247,okabe_mitsuru@example.com,岡部,満,1,"1966-12-02 00:00:00",14
248,taki_teruyoshi@example.com,滝,光良,1,"1982-04-22 00:00:00",12
249,hosoi_satoshi@example.com,細井,聡,1,"1985-10-06 00:00:00",13
250,kokubunn_atsuko@example.com,国分,淳子,2,"1989-02-07 00:00:00",36
251,ootsubo_george@example.com,大坪,ジョージ,1,"1981-02-11 00:00:00",14
252,kanno_yuuji@example.com,菅野,裕司,1,"1984-02-03 00:00:00",42
253,hirasawa_kimiaki@example.com,平沢,公顕,1,"1961-07-03 00:00:00",7
254,aoyama_akiyoshi@example.com,青山,明慶,1,"1983-03-13 00:00:00",11
255,kagawa_stmaria@example.com,香川,サンタマリア,2,"1992-09-16 00:00:00",13
256,tsugawa_akira@example.com,津川,明,1,"1964-07-12 00:00:00",25
257,misawa_aina@example.com,三沢,愛菜,2,"1967-09-23 00:00:00",14
258,nakamura_ken@example.com,中村,建,1,"1974-05-19 00:00:00",8
259,maeda_atsushi@example.com,前田,敦,1,"1995-02-01 00:00:00",13
260,oda_natsumi@example.com,織田,なつみ,2,"1956-11-10 00:00:00",21
261,ogasawara_kenji@example.com,小笠原,研二,1,"1955-04-24 00:00:00",40
262,mita_mina@example.com,三田,美菜,2,"1955-10-18 00:00:00",14
263,teramoto_naoto@example.com,寺本,直人,1,"1981-05-20 00:00:00",14
264,ootani_yuu@example.com,大谷,優,1,"1991-06-08 00:00:00",3
265,fukushi_kenji@example.com,福士,賢治,1,"1983-05-20 00:00:00",22
266,fujisaki_hanako@example.com,藤崎,華子,2,"1978-06-28 00:00:00",14
267,koyanagi_manami@example.com,小柳,真奈美,2,"1977-10-27 00:00:00",19
268,tokuta_shingo@example.com,徳田,信吾,1,"1999-06-11 00:00:00",1
269,aoki_shunji@example.com,青木,隼士,1,"1985-03-24 00:00:00",2
270,shishido_shidou@example.com,宍戸,獅童,1,"1961-03-02 00:00:00",42
271,terasawa_sachie@example.com,寺沢,沙知絵,2,"1947-08-05 00:00:00",26
272,mitani_masayuki@example.com,三谷,雅之,1,"1961-11-02 00:00:00",3
273,kuroiwa_shigeki@example.com,黒岩,茂樹,1,"1965-09-24 00:00:00",1
274,shouji_reiko@example.com,庄司,礼子,2,"1973-12-26 00:00:00",13
275,horikoshi_ayaka@example.com,堀越,彩華,2,"1998-08-17 00:00:00",11
276,hosoda_aiko@example.com,細田,愛子,2,"1993-05-20 00:00:00",42
277,ookubo_ayame@example.com,大久保,綾2,2,"1976-03-30 00:00:00",25
278,takeuchi_motoki@example.com,竹内,扶樹,1,"1954-12-28 00:00:00",5
279,murai_miho@example.com,村井,美帆,2,"1962-04-06 00:00:00",7
280,kawanishi_sayaka@example.com,河西,さやか,2,"1967-02-26 00:00:00",21
281,imagawa_shunji@example.com,今川,俊二,1,"1975-02-04 00:00:00",6
282,yakushimaru_tatsuya@example.com,薬師丸,竜也,1,"1962-02-24 00:00:00",33
283,minami_natsumi@example.com,南,なつみ,2,"1986-10-30 00:00:00",31
284,kadowaki_reiko@example.com,門脇,礼子,2,"1979-10-25 00:00:00",1
285,miyaji_mitsuhiro@example.com,宮地,光洋,1,"1999-07-24 00:00:00",13
286,miwa_hajime@example.com,三輪,はじめ,1,"1982-11-07 00:00:00",13
287,aoi_mirai@example.com,蒼井,未來,2,"1991-07-30 00:00:00",21
288,takaya_haruomi@example.com,高谷,晴臣,1,"1997-09-14 00:00:00",33
289,kuriyama_subaru@example.com,栗山,昴,1,"1951-10-02 00:00:00",44
290,kamiya_ikue@example.com,神谷,郁恵,2,"1967-01-07 00:00:00",27
291,shiraishi_masayoshi@example.com,白石,正義,1,"1980-09-02 00:00:00",43
292,abe_saki@example.com,阿部,早紀,2,"1963-01-27 00:00:00",22
293,wakamatsu_noriko@example.com,若松,法子,2,"1959-06-18 00:00:00",28
294,katase_kadue@example.com,片瀬,一恵,2,"1965-05-12 00:00:00",34
295,nishiguchi_waka@example.com,西口,和香,2,"1954-08-01 00:00:00",13
296,shiratori_ayako@example.com,白鳥,あや子,2,"1977-04-10 00:00:00",4
297,matsukawa_masahiko@example.com,松川,雅彦,1,"1992-12-26 00:00:00",9
298,furutani_souta@example.com,古谷,草太,1,"1965-11-05 00:00:00",14
299,ooshiro_miduki@example.com,大城,美月,2,"1983-11-13 00:00:00",23
300,utsunomiya_atsushi@example.com,宇都宮,惇,1,"1980-06-05 00:00:00",13
301,hosaka_youko@example.com,保坂,陽子,2,"1951-12-31 00:00:00",42
302,akimoto_you@example.com,秋本,洋,1,"1956-05-07 00:00:00",2
303,nagasaki_fumiyo@example.com,長崎,文世,2,"1955-12-06 00:00:00",3
304,akamatsu_kaoru@example.com,赤松,薫,1,"1962-09-12 00:00:00",40
305,takase_sadawo@example.com,高瀬,サダヲ,1,"1995-01-13 00:00:00",11
306,kokubo_yuuki@example.com,小久保,祐基,1,"1988-04-29 00:00:00",27
307,iketani_yuu@example.com,池谷,優,2,"1991-11-19 00:00:00",13
308,shima_toshio@example.com,島,利夫,1,"1979-11-27 00:00:00",12
309,kon_miri@example.com,今,美里,2,"1965-01-05 00:00:00",12
310,oosawa_mayuko@example.com,大沢,麻由子,2,"1980-12-24 00:00:00",23
311,ochi_yoshiki@example.com,越智,剛基,1,"1968-06-16 00:00:00",13
312,mitsui_kenichi@example.com,三井,憲一,1,"1967-05-18 00:00:00",8
313,moriya_kouji@example.com,森谷,広司,1,"1981-04-07 00:00:00",14
314,sakamoto_hajime@example.com,坂本,はじめ,1,"1999-05-19 00:00:00",27
315,aiba_ryousuke@example.com,相馬,良介,1,"1972-01-10 00:00:00",20
316,hashiguchi_kenichi@example.com,橋口,ケンイチ,1,"1956-04-02 00:00:00",40
317,kubota_kenichi@example.com,久保田,ケンイチ,1,"1960-02-09 00:00:00",13
318,ogawa_ema@example.com,小川,恵麻,2,"1973-04-08 00:00:00",27
319,suenaga_sansei@example.com,末永,三省,1,"1981-07-14 00:00:00",13
320,kawahata_mayuko@example.com,川畑,真悠子,2,"1969-09-27 00:00:00",13
321,fukui_kouhei@example.com,福井,幸平,1,"1949-04-26 00:00:00",12
322,shirota_shouko@example.com,城田,翔子,2,"1966-06-23 00:00:00",2
323,takamura_hajime@example.com,高村,はじめ,1,"1980-02-03 00:00:00",3
324,namata_mitsuhiro@example.com,生田,光博,1,"1959-12-07 00:00:00",5
325,kojima_sayuri@example.com,児島,小百合,2,"1965-11-22 00:00:00",27
326,kasai_asaka@example.com,笠井,朝香,2,"1979-04-25 00:00:00",12
327,ishimaru_rie@example.com,石丸,りえ,2,"1963-05-19 00:00:00",8
328,iwasawa_satoshi@example.com,岩沢,聡,1,"1977-12-25 00:00:00",30
329,yasunaga_ryou@example.com,安永,了,1,"1997-07-02 00:00:00",23
330,hiraoka_saki@example.com,平岡,紗季,2,"1948-05-27 00:00:00",27
331,ootsubo_houshi@example.com,大坪,法嗣,1,"1982-08-07 00:00:00",21
332,suzuki_hiroaki@example.com,鈴木,博明,1,"1963-04-28 00:00:00",14
333,kida_kouhei@example.com,木田,幸平,1,"1966-08-18 00:00:00",2
334,horie_mahiru@example.com,堀江,まひる,2,"1990-12-15 00:00:00",12
335,hosoda_hiro@example.com,細田,ヒロ,1,"1983-01-14 00:00:00",2
336,ogasawara_masaya@example.com,小笠原,将也,1,"1984-04-09 00:00:00",15
337,nishikawa_ryuunosuke@example.com,西川,隆之介,1,"1985-09-30 00:00:00",40
338,kitano_tatsuya@example.com,北野,竜也,1,"1953-12-05 00:00:00",26
339,ishii_hikari@example.com,石井,ひかり,2,"1948-05-30 00:00:00",11
340,urano_kanji@example.com,浦野,完爾,1,"1965-12-06 00:00:00",13
341,imai_girolamo@example.com,今井,ジローラモ,1,"1983-10-28 00:00:00",18
342,takemoto_hironari@example.com,竹本,弘也,1,"1979-07-25 00:00:00",26
343,tanimoto_shibori@example.com,谷本,しぼり,2,"1958-03-05 00:00:00",40
344,tsuchiya_naoto@example.com,土谷,直人,1,"1969-10-26 00:00:00",13
345,matsuzawa_karoku@example.com,松沢,花緑,1,"1969-09-14 00:00:00",11
346,tanimoto_houshi@example.com,谷本,法嗣,1,"1991-03-30 00:00:00",40
347,shinoda_hiroshi@example.com,篠田,宏,1,"1953-01-12 00:00:00",13
348,naka_youko@example.com,中,陽子,2,"1955-08-13 00:00:00",13
349,fukuoka_hajime@example.com,福岡,一,1,"1965-09-30 00:00:00",9
350,shishido_mika@example.com,宍戸,美佳,2,"1994-07-14 00:00:00",12
351,yokoyama_megumi@example.com,横山,恵美,2,"1954-06-18 00:00:00",26
352,iwama_ryouko@example.com,岩間,涼子,2,"1997-03-30 00:00:00",26
353,sugita_keiko@example.com,杉田,恵子,2,"1996-03-21 00:00:00",23
354,uesugi_takashi@example.com,上杉,高史,1,"1963-01-09 00:00:00",13
355,ishida_tetsuji@example.com,石田,鉄二,1,"1951-12-03 00:00:00",26
356,shibazaki_tomoka@example.com,柴崎,友香,2,"1961-07-05 00:00:00",12
357,fukada_keisuke@example.com,深田,啓介,1,"1954-01-17 00:00:00",13
358,kiuchi_kikuo@example.com,木内,菊生,1,"1957-09-15 00:00:00",14
359,okuda_yuu@example.com,奥田,勇,2,"1973-01-15 00:00:00",24
360,tanimura_jun@example.com,谷村,惇,1,"1984-07-27 00:00:00",27
361,honnda_tetsuji@example.com,本多,鉄二,1,"1955-07-19 00:00:00",13
362,okada_misa@example.com,岡田,美佐,2,"1997-11-08 00:00:00",1
363,imada_stmaria@example.com,今田,サンタマリア,2,"1980-09-03 00:00:00",5
364,nishino_ryuuji@example.com,西野,竜次,1,"1996-05-07 00:00:00",44
365,takeuchi_yuu@example.com,武内,優,2,"1965-08-12 00:00:00",22
366,oda_miyuki@example.com,小田,美幸,2,"1995-12-20 00:00:00",28
367,matsubara_juri@example.com,松原,樹里,2,"1966-05-02 00:00:00",13
368,horie_kyouko@example.com,堀江,恭子,2,"1952-04-02 00:00:00",27
369,ogasawara_ema@example.com,小笠原,恵麻,2,"1990-10-26 00:00:00",24
370,igarashi_juri@example.com,五十嵐,樹里,2,"1964-01-18 00:00:00",36
371,kitahara_keisuke@example.com,北原,啓介,1,"1975-04-15 00:00:00",23
372,makise_yuuji@example.com,牧瀬,裕司,1,"1963-08-09 00:00:00",28
373,ishizaka_yutaka@example.com,石坂,豊,1,"1963-11-20 00:00:00",22
374,hori_noriko@example.com,堀,法子,2,"1968-07-05 00:00:00",1
375,ooi_miki@example.com,大井,美希,2,"1948-05-12 00:00:00",2
376,kurosaki_sachie@example.com,黒崎,沙知絵,2,"1960-07-20 00:00:00",14
377,kimoto_shiori@example.com,木本,詩織,2,"1983-02-21 00:00:00",1
378,nakanishi_mayuko@example.com,中西,真悠子,2,"1981-05-16 00:00:00",11
379,seki_shigeki@example.com,関,茂樹,1,"1983-05-26 00:00:00",23
380,uematsu_sachiko@example.com,植松,幸子,2,"1978-09-30 00:00:00",43
381,yamamura_mika@example.com,山村,美佳,2,"1999-05-21 00:00:00",20
382,tsuduki_teruo@example.com,都築,照生,1,"1984-09-10 00:00:00",21
383,umemoto_michiko@example.com,梅本,路子,2,"1973-09-09 00:00:00",12
384,nishiya_yuu@example.com,西谷,優,2,"1998-06-03 00:00:00",13
385,takemura_saki@example.com,竹村,紗季,2,"1988-08-23 00:00:00",11
386,teraoka_shou@example.com,寺岡,翔,1,"1988-11-18 00:00:00",11
387,kusakabe_yuu@example.com,日下部,優,2,"1965-12-03 00:00:00",27
388,mizutani_ayame@example.com,水谷,綾2,2,"1967-08-08 00:00:00",14
389,obata_masaaki@example.com,小幡,聖陽,1,"1999-12-04 00:00:00",27
390,kawamura_susumu@example.com,河村,進,1,"1974-02-16 00:00:00",13
391,kouno_kousuke@example.com,河野,浩介,1,"1953-04-11 00:00:00",12
392,yoshiwara_tetsuji@example.com,吉原,鉄二,1,"1974-01-23 00:00:00",11
393,seki_yuuta@example.com,関,勇太,1,"1984-03-07 00:00:00",13
394,tanikawa_kisuke@example.com,谷川,基祐,1,"1978-11-04 00:00:00",35
395,taguchi_nagisa@example.com,田口,なぎさ,2,"1960-05-02 00:00:00",3
396,hashimoto_misa@example.com,橋本,美佐,2,"1961-08-12 00:00:00",28
397,misawa_kogan@example.com,三沢,小雁,1,"1958-05-12 00:00:00",46
398,yoshiwara_yuu@example.com,吉原,由宇,2,"1974-06-03 00:00:00",9
399,hirao_haruka@example.com,平尾,遥,2,"1960-07-05 00:00:00",27
400,kase_yuri@example.com,加瀬,妃里,2,"1984-12-25 00:00:00",1
401,mizushima_tatsuya@example.com,水島,竜也,1,"1973-03-23 00:00:00",13
402,suenaga_masatoshi@example.com,末永,正敏,1,"1993-01-27 00:00:00",15
403,inomata_ayame@example.com,猪股,綾2,2,"1958-08-28 00:00:00",27
404,kon_megumi@example.com,今,恵美,2,"1986-06-19 00:00:00",24
405,sugimoto_katsuhisa@example.com,杉本,勝久,1,"1984-01-03 00:00:00",21
406,kishida_shunji@example.com,岸田,俊二,1,"1968-03-03 00:00:00",22
407,hasebe_haruki@example.com,長谷部,春樹,2,"1983-03-11 00:00:00",10
408,hotta_kousuke@example.com,堀田,功補,1,"1970-06-05 00:00:00",27
409,aoki_hajime@example.com,青木,一,1,"1962-04-30 00:00:00",11
410,matsuura_eiichi@example.com,松浦,栄一,1,"1981-02-03 00:00:00",37
411,nagahama_kenichi@example.com,長浜,ケンイチ,1,"1967-03-13 00:00:00",27
412,asai_natsumi@example.com,浅井,なつみ,2,"1993-03-14 00:00:00",5
413,asai_shun@example.com,浅井,瞬,1,"1952-12-13 00:00:00",6
414,oohara_emiko@example.com,大原,恵望子,2,"1981-03-05 00:00:00",20
415,ogawa_masaru@example.com,小川,大,1,"1959-05-23 00:00:00",1
416,yamashiro_shidou@example.com,山城,獅童,1,"1949-07-29 00:00:00",34
417,matsumoto_mitsuhiro@example.com,松本,光博,1,"1988-03-27 00:00:00",13
418,matsumura_miyuki@example.com,松村,みゆき,2,"1968-04-15 00:00:00",26
419,yano_haruka@example.com,矢野,遥,2,"1957-12-15 00:00:00",27
420,kuriyama_hitori@example.com,栗山,ひとり,1,"1989-08-07 00:00:00",3
421,koizumi_megumi@example.com,小泉,めぐみ,2,"1986-06-25 00:00:00",16
422,kurosaki_nao@example.com,黒崎,奈央,2,"1962-03-22 00:00:00",11
423,okajima_kouhei@example.com,岡島,幸平,1,"1971-08-28 00:00:00",18
424,maeda_koutarou@example.com,前田,孝太郎,1,"1960-12-04 00:00:00",27
425,hotta_ken@example.com,堀田,健,1,"1990-03-10 00:00:00",43
426,ochiai_kazuya@example.com,落合,一哉,1,"1948-11-05 00:00:00",1
427,suga_takashi@example.com,須賀,高史,1,"1986-01-08 00:00:00",20
428,tsugawa_ryuuta@example.com,津川,隆太,1,"1959-04-07 00:00:00",45
429,hashimoto_masami@example.com,橋本,まさみ,2,"1991-08-07 00:00:00",13
430,negishi_mirai@example.com,根岸,未來,2,"1961-09-15 00:00:00",27
431,kokubo_saya@example.com,小久保,沙耶,2,"1968-08-01 00:00:00",16
432,toji_sayaka@example.com,ト字,さやか,2,"1985-09-17 00:00:00",27
433,mizukawa_mina@example.com,水川,美菜,2,"1979-04-24 00:00:00",14
434,satake_yuino@example.com,佐竹,友以乃,2,"1990-06-08 00:00:00",19
435,fukushi_mitsunori@example.com,福士,充則,1,"1987-02-21 00:00:00",1
436,onnda_koutarou@example.com,恩田,孝太郎,1,"1981-04-29 00:00:00",26
437,ohara_tomofumi@example.com,小原,知史,1,"1967-04-29 00:00:00",11
438,tajima_masatoshi@example.com,田島,雅功,1,"1992-04-10 00:00:00",11
439,katou_satoshi@example.com,加藤,聡,1,"1989-05-10 00:00:00",26
440,kaneda_takao@example.com,金田,たかお,1,"1965-03-10 00:00:00",8
441,sugawara_hiro@example.com,菅原,ヒロ,1,"1950-04-02 00:00:00",14
442,kiyono_ken@example.com,清野,建,1,"1983-07-12 00:00:00",7
443,fujimori_kousuke@example.com,藤森,浩介,1,"1955-04-20 00:00:00",5
444,hayasaka_masami@example.com,早坂,まさみ,2,"1993-04-22 00:00:00",11
445,niimura_yuuichi@example.com,新村,優一,1,"1984-11-08 00:00:00",20
446,nannbu_hiroaki@example.com,南部,博明,1,"1988-10-19 00:00:00",23
447,teduka_satoshi@example.com,手塚,聡,1,"1952-08-26 00:00:00",3
448,hata_houshi@example.com,秦,法嗣,1,"1966-12-29 00:00:00",12
449,uchimi_sachie@example.com,内海,沙知絵,2,"1999-01-29 00:00:00",45
450,asanuma_kenji@example.com,浅沼,賢二,1,"1956-01-22 00:00:00",13
451,hirai_masahiko@example.com,平井,雅彦,1,"1973-04-01 00:00:00",11
452,yasuda_mao@example.com,安田,麻緒,2,"1989-03-21 00:00:00",11
453,aoi_masayuki@example.com,蒼井,雅之,1,"1990-02-06 00:00:00",14
454,ishihara_kazuyo@example.com,石原,一代,2,"1981-08-04 00:00:00",11
455,kawai_teruyoshi@example.com,川井,光良,1,"1982-02-06 00:00:00",23
456,nagashima_ryou@example.com,長島,涼,2,"1973-09-15 00:00:00",9
457,nagaoka_sachiko@example.com,長岡,幸子,2,"1995-08-14 00:00:00",19
458,muranaka_miduki@example.com,村中,美月,2,"1974-05-20 00:00:00",40
459,araki_yuuichi@example.com,荒木,祐一,1,"1955-09-21 00:00:00",33
460,kashiwagi_haruka@example.com,柏木,遥,2,"1962-05-01 00:00:00",21
461,mitsushima_yuuko@example.com,満島,結子,2,"1999-03-27 00:00:00",11
462,takasaki_youko@example.com,高崎,陽子,2,"1996-02-25 00:00:00",25
463,hamano_shouko@example.com,浜野,翔子,2,"1981-05-21 00:00:00",40
464,morii_saki@example.com,森井,咲,2,"1990-12-21 00:00:00",44
465,sugimoto_stmaria@example.com,杉本,サンタマリア,1,"1973-10-13 00:00:00",26
466,nakayama_kenichi@example.com,中山,ケンイチ,1,"1965-09-04 00:00:00",28
467,inoue_chise@example.com,井上,知世,2,"1963-05-03 00:00:00",38
468,okuno_ouga@example.com,奥野,碧海,1,"1969-09-07 00:00:00",21
469,yamato_girolamo@example.com,大和,ジローラモ,1,"1974-11-22 00:00:00",42
470,takenaka_tarou@example.com,竹中,太朗,1,"1975-11-06 00:00:00",13
471,nemoto_satomi@example.com,根本,さとみ,2,"1958-02-10 00:00:00",27
472,imanishi_noriko@example.com,今西,法子,2,"1979-07-20 00:00:00",13
473,hosono_toshiaki@example.com,細野,寿明,1,"1983-05-28 00:00:00",6
474,fujimoto_nagisa@example.com,藤本,なぎさ,2,"1980-10-23 00:00:00",15
475,kohira_masayuki@example.com,小平,雅之,1,"1999-02-27 00:00:00",12
476,hasegawa_yuuichi@example.com,長谷川,祐一,1,"1963-09-03 00:00:00",12
477,kikuta_nagisa@example.com,菊田,なぎさ,2,"1982-08-08 00:00:00",15
478,kasahara_takeo@example.com,笠原,丈雄,1,"1985-10-21 00:00:00",46
479,okuyama_ken@example.com,奥山,建,1,"1997-09-28 00:00:00",6
480,namata_takahiro@example.com,生田,隆博,1,"1984-09-22 00:00:00",27
481,shimazaki_sousuke@example.com,島崎,蒼甫,1,"1985-01-24 00:00:00",14
482,kishida_kurumi@example.com,岸田,くるみ,2,"1971-02-20 00:00:00",28
483,sakakibara_haruomi@example.com,榊原,晴臣,1,"1995-07-06 00:00:00",14
484,takita_chikako@example.com,滝田,千佳子,2,"1988-07-05 00:00:00",45
485,hannda_aki@example.com,半田,亜希,2,"1987-08-24 00:00:00",14
486,sudou_aiko@example.com,須藤,愛子,2,"1990-08-31 00:00:00",13
487,tabe_miki@example.com,多部,みき,2,"1968-11-29 00:00:00",37
488,okazaki_manami@example.com,岡崎,まなみ,2,"1954-06-11 00:00:00",10
489,niimura_ayako@example.com,新村,あや子,2,"1972-02-17 00:00:00",12
490,takada_masaya@example.com,高田,将也,1,"1960-02-04 00:00:00",22
491,ayase_shingo@example.com,綾瀬,真吾,1,"1992-07-10 00:00:00",13
492,uchino_nobuhiko@example.com,内野,ノブヒコ,1,"1982-09-25 00:00:00",23
493,shirai_rina@example.com,白井,里奈,2,"1993-02-19 00:00:00",35
494,kawanishi_shouta@example.com,河西,翔太,1,"1974-05-15 00:00:00",14
495,kouno_rie@example.com,河野,りえ,2,"1950-12-13 00:00:00",16
496,asano_kaoru@example.com,浅野,薫,1,"1993-08-10 00:00:00",40
497,nishino_yuri@example.com,西野,妃里,2,"1972-10-26 00:00:00",11
498,yabe_hiroaki@example.com,矢部,博明,1,"1949-04-26 00:00:00",22
499,fukumoto_akane@example.com,福本,茜,2,"1949-12-02 00:00:00",7
500,yoneda_yousuke@example.com,米田,陽介,1,"1993-04-01 00:00:00",14
501,sugimoto_hitoshi@example.com,杉本,人志,1,"1968-07-29 00:00:00",12
502,takabata_kenichi@example.com,高畑,ケンイチ,1,"1974-11-04 00:00:00",11
503,sugishita_hiromi@example.com,杉下,ひろみ,2,"1997-09-01 00:00:00",13
504,kawata_aya@example.com,河田,綾,2,"1992-10-17 00:00:00",21
505,kiyota_miki@example.com,清田,美紀,2,"1959-07-18 00:00:00",45
506,nannbu_akiyoshi@example.com,南部,明慶,1,"1958-11-21 00:00:00",11
507,tajima_megumi@example.com,田島,恵美,2,"1958-07-28 00:00:00",20
508,ashiya_rokurou@example.com,芦屋,禄郎,1,"1959-08-13 00:00:00",1
509,kuboduka_chinatsu@example.com,窪塚,千夏,2,"1948-03-02 00:00:00",34
510,nagai_megumi@example.com,永井,めぐみ,2,"1978-06-02 00:00:00",27
511,ootani_kazuki@example.com,大谷,一樹,1,"1980-01-10 00:00:00",22
512,kakei_mitsuomi@example.com,筧,光臣,1,"1989-09-14 00:00:00",34
513,panzetta_tooru@example.com,パンツェッタ,徹,1,"1955-02-22 00:00:00",9
514,haga_yutaka@example.com,芳賀,豊,1,"1978-07-30 00:00:00",11
515,nagai_yuuichi@example.com,永井,祐一,1,"1978-06-11 00:00:00",7
516,kawano_fumiya@example.com,河野,フミヤ,1,"1982-09-20 00:00:00",25
517,ogino_shinya@example.com,荻野,晋也,1,"1978-07-31 00:00:00",33
518,oowada_kazuki@example.com,大和田,一輝,1,"1988-12-04 00:00:00",1
519,ai_hajime@example.com,阿井,はじめ,1,"1983-11-01 00:00:00",20
520,murakami_sousuke@example.com,村上,蒼甫,1,"1957-04-30 00:00:00",9
521,shimizu_erika@example.com,志水,恵梨香,2,"1947-08-01 00:00:00",35
522,ogawa_takeshi@example.com,小川,丈史,1,"1950-03-01 00:00:00",44
523,uesugi_kenichi@example.com,上杉,憲一,1,"1948-12-14 00:00:00",23
524,tominaga_yuu@example.com,富永,優,2,"1974-01-12 00:00:00",1
525,nara_katsuhisa@example.com,奈良,勝久,1,"1967-06-06 00:00:00",11
526,uchida_yuino@example.com,内田,友以乃,2,"1998-11-28 00:00:00",14
527,akita_hitomi@example.com,秋田,ひとみ,2,"1958-05-07 00:00:00",26
528,kawano_airi@example.com,川野,愛梨,2,"1947-12-02 00:00:00",10
529,koide_mayuko@example.com,小出,麻由子,2,"1957-11-06 00:00:00",12
530,yajima_kaoru@example.com,矢島,薫,1,"1947-11-20 00:00:00",28
531,numata_mika@example.com,沼田,美佳,2,"1967-12-04 00:00:00",27
532,egawa_kenichi@example.com,江川,ケンイチ,1,"1991-12-22 00:00:00",12
533,shinoyama_mitsunori@example.com,篠山,充則,1,"1969-10-17 00:00:00",1
534,morishita_ikuji@example.com,森下,育二,1,"1998-11-19 00:00:00",29
535,kannbara_mia@example.com,神原,みあ,2,"1975-05-01 00:00:00",13
536,ichimura_you@example.com,市村,洋,1,"1991-05-22 00:00:00",23
537,tominaga_mitsunori@example.com,富永,充則,1,"1982-07-03 00:00:00",14
538,konnno_arata@example.com,紺野,新太,1,"1959-06-13 00:00:00",12
539,katagiri_teppei@example.com,片桐,徹平,1,"1999-12-01 00:00:00",27
540,uchiyama_yousuke@example.com,内山,洋介,1,"1990-01-12 00:00:00",1
541,nagaoka_yousuke@example.com,長岡,陽介,1,"1970-07-14 00:00:00",34
542,fukuhara_masashi@example.com,福原,まさし,1,"1968-06-12 00:00:00",13
543,yoneya_takeo@example.com,米谷,丈雄,1,"1991-01-24 00:00:00",26
544,watanabe_satomi@example.com,渡辺,さとみ,2,"1965-10-17 00:00:00",3
545,maruta_akane@example.com,丸田,茜,2,"1980-12-30 00:00:00",14
546,adachi_asaka@example.com,足立,朝香,2,"1997-07-09 00:00:00",13
547,fujimura_karoku@example.com,藤村,花緑,1,"1991-02-01 00:00:00",27
548,nagao_fumiyo@example.com,長尾,文世,2,"1974-06-11 00:00:00",20
549,fujimura_natsumi@example.com,藤村,菜摘,2,"1950-09-18 00:00:00",27
550,miyata_yui@example.com,宮田,結衣,2,"1992-01-25 00:00:00",25
551,teranishi_tasuku@example.com,寺西,佑,1,"1969-09-16 00:00:00",28
552,fujisaki_souta@example.com,藤崎,草太,1,"1961-02-13 00:00:00",1
553,maeda_masahiko@example.com,前田,雅彦,1,"1973-05-21 00:00:00",24
554,kubota_takeo@example.com,久保田,丈雄,1,"1980-08-01 00:00:00",11
555,masuda_sora@example.com,増田,夏空,2,"1974-07-14 00:00:00",14
556,ishiwatari_erika@example.com,石渡,エリカ,2,"1995-04-26 00:00:00",11
557,yamanishi_ken@example.com,山西,兼,1,"1999-09-09 00:00:00",2
558,miyakawa_eiichi@example.com,宮川,栄一,1,"1998-09-12 00:00:00",11
559,karasawa_miki@example.com,唐沢,美希,2,"1947-06-09 00:00:00",26
560,ishiyama_kenichi@example.com,石山,ケンイチ,1,"1985-06-09 00:00:00",12
561,sakai_jun@example.com,酒井,惇,1,"1963-06-21 00:00:00",1
562,seto_yuu@example.com,瀬戸,優,1,"1985-09-13 00:00:00",20
563,ueno_natsuki@example.com,上野,夏希,2,"1954-07-22 00:00:00",14
564,sasahara_hideki@example.com,笹原,秀樹,1,"1957-03-20 00:00:00",23
565,hatanaka_sachie@example.com,畠中,沙知絵,2,"1959-08-06 00:00:00",16
566,honjo_kousuke@example.com,本上,功補,1,"1958-09-12 00:00:00",1
567,akiyama_takahiro@example.com,秋山,隆博,1,"1978-12-28 00:00:00",23
568,wakayama_satoshi@example.com,若山,悟志,1,"1992-01-22 00:00:00",13
569,imura_takao@example.com,井村,たかお,1,"1994-06-24 00:00:00",11
570,itou_manami@example.com,伊藤,まなみ,2,"1961-05-17 00:00:00",12
571,ninomiya_miyuki@example.com,二宮,美幸,2,"1962-05-25 00:00:00",14
572,kozeki_yutaka@example.com,小関,豊,1,"1996-03-29 00:00:00",29
573,sone_meisa@example.com,曽根,メイサ,2,"1966-12-17 00:00:00",38
574,kawabe_toshio@example.com,川辺,利夫,1,"1974-06-01 00:00:00",27
575,hirokawa_masatoshi@example.com,広川,正敏,1,"1951-05-31 00:00:00",14
576,suekichi_akinobu@example.com,末吉,輝信,1,"1964-03-05 00:00:00",13
577,miyazato_ryuunosuke@example.com,宮里,隆之介,1,"1992-07-25 00:00:00",25
578,tooyama_sayuri@example.com,遠山,さゆり,2,"1964-08-27 00:00:00",28
579,nannbu_yuu@example.com,南部,優,2,"1951-07-18 00:00:00",45
580,okuno_kouji@example.com,奥野,広司,1,"1981-08-07 00:00:00",12
581,noda_hana@example.com,野田,花,2,"1997-12-21 00:00:00",36
582,oikawa_erika@example.com,及川,恵梨香,2,"1984-07-25 00:00:00",16
583,seto_ken@example.com,瀬戸,健,1,"1971-02-22 00:00:00",12
584,seo_saki@example.com,妹尾,早紀,2,"1961-10-25 00:00:00",14
585,kubota_kogan@example.com,久保田,小雁,1,"1957-02-22 00:00:00",28
586,iino_tooru@example.com,飯野,徹,1,"1970-10-01 00:00:00",9
587,tamaki_rena@example.com,玉城,玲那,2,"1996-01-23 00:00:00",40
588,nakamura_aina@example.com,中村,愛菜,2,"1952-10-22 00:00:00",22
589,yoshioka_yuuichi@example.com,吉岡,祐一,1,"1948-08-21 00:00:00",23
590,oonuma_miri@example.com,大沼,美里,2,"1969-09-24 00:00:00",11
591,kurata_ruria@example.com,倉田,瑠璃亜,2,"1974-01-16 00:00:00",42
592,yoshino_mao@example.com,吉野,麻緒,2,"1968-10-28 00:00:00",46
593,taguchi_yutaka@example.com,田口,豊,1,"1955-01-02 00:00:00",6
594,nakano_tsutomu@example.com,中野,努,1,"1977-11-13 00:00:00",26
595,irie_shunji@example.com,入江,隼士,1,"1971-03-04 00:00:00",14
596,maeda_hanako@example.com,前田,華子,2,"1987-06-02 00:00:00",13
597,suganuma_yuuichi@example.com,菅沼,祐一,1,"1997-07-21 00:00:00",28
598,kokubo_kouji@example.com,小久保,広司,1,"1977-09-10 00:00:00",19
599,isono_rina@example.com,磯野,里奈,2,"1992-05-22 00:00:00",1
600,takimoto_riko@example.com,滝本,璃子,2,"1981-12-05 00:00:00",5
601,ijuuin_mirai@example.com,伊集院,未來,2,"1991-05-18 00:00:00",11
602,oota_hidetsugu@example.com,太田,英嗣,1,"1974-05-25 00:00:00",28
603,asada_kouji@example.com,浅田,耕司,1,"1954-10-07 00:00:00",38
604,horikawa_kanji@example.com,堀川,完爾,1,"1977-03-18 00:00:00",23
605,murai_you@example.com,村井,窈,2,"1950-06-16 00:00:00",23
606,tachibana_hironari@example.com,橘,弘也,1,"1975-10-01 00:00:00",14
607,takimoto_ikuji@example.com,滝本,育二,1,"1978-07-19 00:00:00",27
608,ootsuki_kouji@example.com,大槻,広司,1,"1990-08-22 00:00:00",13
609,oosaki_hitomi@example.com,大崎,瞳,2,"1955-01-04 00:00:00",14
610,mutou_mahiru@example.com,武藤,まひる,2,"1952-08-16 00:00:00",28
611,fujita_hitoshi@example.com,藤田,人志,1,"1983-07-17 00:00:00",22
612,hamano_shunji@example.com,浜野,俊二,1,"1982-09-21 00:00:00",14
613,tachibana_aoi@example.com,立花,あおい,2,"1964-10-20 00:00:00",34
614,kuroki_masami@example.com,黒木,まさみ,2,"1989-02-21 00:00:00",39
615,ishigaki_yukiya@example.com,石垣,有起哉,1,"1973-10-03 00:00:00",8
616,hirara_riko@example.com,平良,璃子,2,"1965-01-25 00:00:00",29
617,tachibana_haruki@example.com,立花,春樹,2,"1991-01-27 00:00:00",44
618,yazawa_miri@example.com,矢沢,美里,2,"1953-12-15 00:00:00",13
619,noguchi_rokurou@example.com,野口,禄郎,1,"1976-02-26 00:00:00",5
620,konndou_satoshi@example.com,近藤,聡,1,"1949-09-05 00:00:00",30
621,yanagawa_shun@example.com,柳川,瞬,1,"1988-10-11 00:00:00",20
622,ikehata_youko@example.com,池畑,陽子,2,"1969-08-06 00:00:00",20
623,mihara_yuu@example.com,三原,優,2,"1958-01-26 00:00:00",27
624,nagai_souta@example.com,永井,草太,1,"1999-06-01 00:00:00",13
625,kon_ikue@example.com,今,郁恵,2,"1989-03-18 00:00:00",23
626,kanezawa_natsumi@example.com,金沢,なつみ,2,"1968-12-31 00:00:00",23
627,imano_sachie@example.com,今野,沙知絵,2,"1971-11-11 00:00:00",1
628,serizawa_hidetsugu@example.com,芹沢,英嗣,1,"1962-11-14 00:00:00",15
629,nakayama_katsuhisa@example.com,中山,勝久,1,"1993-01-02 00:00:00",11
630,kitamura_toshiya@example.com,北村,敏也,1,"1982-03-18 00:00:00",20
631,rokkaku_miduki@example.com,六角,美月,2,"1981-09-05 00:00:00",15
632,urano_kenichi@example.com,浦野,憲一,1,"1979-02-11 00:00:00",5
633,inomata_teruyoshi@example.com,猪股,光良,1,"1950-08-30 00:00:00",13
634,sasaki_emi@example.com,佐々木,えみ,2,"1966-04-05 00:00:00",40
635,katagiri_kimiko@example.com,片桐,貴美子,2,"1982-01-17 00:00:00",27
636,ichihara_hitoshi@example.com,市原,人志,1,"1981-10-18 00:00:00",25
637,houjou_yuino@example.com,北条,友以乃,2,"1967-12-15 00:00:00",43
638,katase_takahiro@example.com,片瀬,隆博,1,"1949-06-18 00:00:00",7
639,miyashita_juri@example.com,宮下,樹里,2,"1949-07-11 00:00:00",23
640,yamase_tomoka@example.com,山瀬,智花,2,"1975-03-29 00:00:00",40
641,takamatsu_yuino@example.com,高松,友以乃,2,"1965-07-24 00:00:00",29
642,shida_waka@example.com,志田,和香,2,"1988-12-09 00:00:00",27
643,shinozaki_takahiro@example.com,篠崎,隆博,1,"1995-05-30 00:00:00",14
644,katsudi_sora@example.com,勝地,そら,2,"1964-02-02 00:00:00",23
645,yamaguchi_youko@example.com,山口,陽子,2,"1983-08-12 00:00:00",28
646,kosugi_youko@example.com,小杉,陽子,2,"1947-09-05 00:00:00",18
647,honnda_kyouko@example.com,本多,恭子,2,"1967-06-11 00:00:00",22
648,kusunoki_ryuuji@example.com,楠,竜次,1,"1979-11-15 00:00:00",1
649,yanagawa_mayuko@example.com,柳川,真悠子,2,"1996-08-24 00:00:00",14
650,mitsui_rina@example.com,三井,里奈,2,"1988-03-03 00:00:00",10
651,kuwabara_atsuko@example.com,桑原,淳子,2,"1995-07-07 00:00:00",33
652,murase_ukyou@example.com,村瀬,右京,1,"1979-07-04 00:00:00",14
653,kusunoki_ittoku@example.com,楠,一徳,1,"1950-06-25 00:00:00",28
654,murakami_ayame@example.com,村上,綾2,2,"1975-04-01 00:00:00",8
655,ida_keiko@example.com,井田,景子,2,"1971-01-07 00:00:00",23
656,sugiyama_sanma@example.com,杉山,さんま,1,"1989-11-15 00:00:00",15
657,tabata_rie@example.com,田端,りえ,2,"1947-08-14 00:00:00",23
658,fukada_kazuyuki@example.com,深田,和之,1,"1971-02-24 00:00:00",34
659,oosaka_kousuke@example.com,大坂,功補,1,"1997-02-08 00:00:00",27
660,kannda_kaoru@example.com,神田,薫,2,"1970-01-21 00:00:00",13
661,misawa_stmaria@example.com,三沢,サンタマリア,1,"1996-02-13 00:00:00",27
662,kawai_airi@example.com,河合,愛梨,2,"1963-12-03 00:00:00",23
663,matsumoto_mia@example.com,松本,みあ,2,"1974-10-24 00:00:00",23
664,abe_kyouko@example.com,阿部,恭子,2,"1957-05-09 00:00:00",4
665,kitajima_mei@example.com,北島,芽以,2,"1962-03-23 00:00:00",6
666,yano_teruyoshi@example.com,矢野,光良,1,"1951-01-07 00:00:00",13
667,kishida_akira@example.com,岸田,明,1,"1947-09-24 00:00:00",13
668,yokoi_koutarou@example.com,横井,孝太郎,1,"1980-05-15 00:00:00",40
669,tanaka_ittoku@example.com,田中,一徳,1,"1975-09-10 00:00:00",34
670,takasawa_aya@example.com,高沢,彩,2,"1993-11-27 00:00:00",26
671,kamiyama_yuuji@example.com,上山,裕司,1,"1978-10-06 00:00:00",26
672,suwa_nobuhiko@example.com,諏訪,ノブヒコ,1,"1971-10-28 00:00:00",23
673,mogi_sora@example.com,茂木,そら,2,"1948-09-22 00:00:00",41
674,toda_manami@example.com,戸田,まなみ,2,"1953-10-28 00:00:00",13
675,hattori_haruomi@example.com,服部,晴臣,1,"1993-11-13 00:00:00",1
676,shiga_megumi@example.com,志賀,めぐみ,2,"2000-02-11 00:00:00",17
677,tannba_you@example.com,丹羽,窈,2,"1959-11-03 00:00:00",33
678,kashima_takashi@example.com,鹿島,隆,1,"1979-12-23 00:00:00",22
679,kusunoki_ukyou@example.com,楠,右京,1,"1960-03-22 00:00:00",12
680,mizoguchi_masaya@example.com,溝口,将也,1,"1967-12-24 00:00:00",11
681,kume_natsuki@example.com,久米,奈月,2,"1995-01-18 00:00:00",13
682,ogura_misako@example.com,小倉,美佐子,2,"1974-09-16 00:00:00",42
683,miyagi_maki@example.com,宮城,真希,2,"1961-06-08 00:00:00",15
684,ijuuin_meisa@example.com,伊集院,メイサ,2,"1949-12-19 00:00:00",25
685,kageyama_tohru@example.com,影山,徹,1,"1965-01-16 00:00:00",23
686,aiba_mikako@example.com,相馬,未華子,2,"1977-07-30 00:00:00",27
687,minami_mahiru@example.com,南,まひる,2,"1955-06-16 00:00:00",4
688,shimabukuro_kouhei@example.com,島袋,幸平,1,"1987-06-25 00:00:00",13
689,tsuchihashi_jin@example.com,土橋,仁,1,"1978-01-15 00:00:00",38
690,nishiaki_rinako@example.com,西秋,璃奈子,2,"1964-07-01 00:00:00",29
691,kuwabara_reiko@example.com,桑原,礼子,2,"1974-02-16 00:00:00",13
692,sumi_shouta@example.com,角,翔太,1,"1990-01-14 00:00:00",14
693,yuuki_masayo@example.com,結城,昌代,2,"1999-04-16 00:00:00",37
694,sugino_tooru@example.com,杉野,徹,1,"1999-11-24 00:00:00",33
695,taue_sayuri@example.com,田上,さゆり,2,"1975-03-17 00:00:00",23
696,shishido_ikue@example.com,宍戸,郁恵,2,"1997-02-05 00:00:00",23
697,takemura_toshikazu@example.com,竹村,敏和,1,"1984-10-05 00:00:00",1
698,shida_tamaki@example.com,志田,たまき,2,"1994-12-13 00:00:00",3
699,haraguchi_katsumi@example.com,原口,克実,1,"1974-12-14 00:00:00",37
700,kanou_ayaka@example.com,加納,彩華,2,"1992-05-22 00:00:00",17
701,itou_shiori@example.com,伊藤,詩織,2,"1980-04-24 00:00:00",12
702,kuroki_susumu@example.com,黒木,進,1,"1966-01-20 00:00:00",35
703,annzai_mami@example.com,安斎,まみ,2,"1977-07-17 00:00:00",28
704,miyazaki_rokurou@example.com,宮崎,禄郎,1,"1963-12-22 00:00:00",40
705,tadokoro_atsushi@example.com,田所,淳,1,"1949-06-10 00:00:00",2
706,tanabe_fumiyo@example.com,田辺,文世,2,"1979-07-27 00:00:00",2
707,tejima_kenichi@example.com,手島,ケンイチ,1,"1985-03-14 00:00:00",22
708,yamamura_manami@example.com,山村,まなみ,2,"1957-08-16 00:00:00",35
709,hata_seiichi@example.com,秦,誠一,1,"1997-01-22 00:00:00",12
710,iwasa_ittoku@example.com,岩佐,一徳,1,"1985-12-29 00:00:00",29
711,saitou_asami@example.com,斉藤,あさみ,2,"1994-02-12 00:00:00",24
712,ooura_mahiru@example.com,大浦,まひる,2,"1956-08-09 00:00:00",27
713,mouri_rena@example.com,毛利,玲那,2,"1960-11-22 00:00:00",20
714,uesugi_shouta@example.com,上杉,翔太,1,"1961-03-31 00:00:00",41
715,sugita_ikuji@example.com,杉田,育二,1,"1963-01-21 00:00:00",7
716,kurota_hiroshi@example.com,黒田,宏,1,"1989-03-17 00:00:00",5
717,yanagida_haruka@example.com,柳田,遥,2,"1976-03-11 00:00:00",13
718,ogi_katsuhisa@example.com,小木,勝久,1,"1992-04-11 00:00:00",8
719,masuda_manami@example.com,益田,まなみ,2,"1981-11-18 00:00:00",2
720,wakita_takashi@example.com,脇田,隆,1,"1986-07-26 00:00:00",2
721,aragaki_kousuke@example.com,新垣,功補,1,"1975-09-15 00:00:00",22
722,nagase_ryou@example.com,長瀬,了,1,"1985-03-21 00:00:00",22
723,sasaki_jin@example.com,佐々木,仁,1,"1994-04-09 00:00:00",25
724,takashima_saori@example.com,高嶋,早織,2,"1954-06-03 00:00:00",14
725,kitayama_hiroyuki@example.com,北山,広之,1,"1991-05-16 00:00:00",43
726,hamada_atsuko@example.com,浜田,淳子,2,"1996-10-28 00:00:00",11
727,kubota_mitsuhiro@example.com,窪田,光洋,1,"1979-03-18 00:00:00",11
728,nemoto_sayaka@example.com,根本,さやか,2,"1982-09-05 00:00:00",13
729,fujiwara_shouta@example.com,藤原,翔太,1,"1949-03-19 00:00:00",13
730,takakura_miyuki@example.com,高倉,みゆき,2,"1986-07-11 00:00:00",12
731,umemoto_kousuke@example.com,梅本,浩介,1,"1963-03-15 00:00:00",14
732,shimazaki_masayo@example.com,島崎,昌代,2,"1968-06-14 00:00:00",22
733,teduka_keisuke@example.com,手塚,啓介,1,"1948-02-24 00:00:00",9
734,hori_kazuyuki@example.com,堀,和之,1,"1991-10-18 00:00:00",14
735,tamai_masatoshi@example.com,玉井,雅功,1,"1980-08-26 00:00:00",9
736,ueno_miho@example.com,上野,美帆,2,"1954-10-12 00:00:00",36
737,sugino_koutarou@example.com,杉野,浩太郎,1,"1979-07-31 00:00:00",32
738,sugaya_masaaki@example.com,菅谷,聖陽,1,"1983-10-29 00:00:00",3
739,nanase_misako@example.com,七瀬,美佐子,2,"1977-04-16 00:00:00",1
740,misaki_shun@example.com,水崎,瞬,1,"1986-05-25 00:00:00",11
741,yoshida_keiko@example.com,吉田,恵子,2,"1981-09-17 00:00:00",36
742,akashiya_yuujirou@example.com,明石家,裕次郎,1,"1988-12-13 00:00:00",20
743,takamura_nana@example.com,高村,奈々,2,"1964-08-11 00:00:00",45
744,kitamura_rio@example.com,北村,莉緒,2,"1998-11-05 00:00:00",30
745,terui_kyouko@example.com,照井,京子,2,"1995-09-13 00:00:00",13
746,shinozaki_shou@example.com,篠崎,翔,1,"1969-08-21 00:00:00",20
747,onoda_koutarou@example.com,小野田,浩太郎,1,"1994-11-06 00:00:00",14
748,kawazoe_keisuke@example.com,川添,啓介,1,"1950-05-26 00:00:00",40
749,tejima_yuu@example.com,手島,優,2,"1971-07-15 00:00:00",15
750,hirata_kyouko@example.com,平田,恭子,2,"1996-06-21 00:00:00",26
751,abe_keiko@example.com,阿部,恵子,2,"1997-07-25 00:00:00",41
752,miura_hajime@example.com,三浦,はじめ,1,"1955-07-17 00:00:00",13
753,hiramatsu_yousuke@example.com,平松,洋介,1,"1993-07-13 00:00:00",23
754,ooji_mirai@example.com,大路,未來,1,"1988-02-04 00:00:00",14
755,nakao_susumu@example.com,中尾,進,1,"1994-01-12 00:00:00",14
756,ishizaka_kei@example.com,石坂,圭,1,"1969-05-20 00:00:00",8
757,nakane_yuuichi@example.com,中根,祐一,1,"1981-03-29 00:00:00",43
758,setouchi_yousuke@example.com,瀬戸内,洋介,1,"1985-11-25 00:00:00",2
759,kurokawa_kazuki@example.com,黒川,一樹,1,"1979-11-20 00:00:00",40
760,sada_hajime@example.com,さだ,一,1,"1951-11-25 00:00:00",11
761,imura_kouhei@example.com,井村,幸平,1,"1964-08-26 00:00:00",14
762,tokushige_stmaria@example.com,徳重,サンタマリア,1,"1952-01-01 00:00:00",23
763,kawanaka_hiro@example.com,川中,ヒロ,1,"1962-12-16 00:00:00",25
764,fujimura_emi@example.com,藤村,えみ,2,"1986-04-01 00:00:00",41
765,muranaka_kou@example.com,村中,コウ,2,"1970-03-31 00:00:00",32
766,onoda_yutaka@example.com,小野田,豊,1,"1971-10-18 00:00:00",27
767,taguchi_keisuke@example.com,田口,啓介,1,"1959-09-24 00:00:00",27
768,nakaoka_kurumi@example.com,中岡,くるみ,2,"1993-01-12 00:00:00",22
769,teranishi_rina@example.com,寺西,里奈,2,"1983-05-19 00:00:00",26
770,miyake_kenji@example.com,三宅,賢二,1,"1959-06-04 00:00:00",13
771,ishikawa_ittoku@example.com,石川,一徳,1,"1995-01-10 00:00:00",27
772,koide_yoshino@example.com,小出,佳乃,2,"1980-07-18 00:00:00",23
773,abe_tooru@example.com,阿部,徹,1,"1955-11-14 00:00:00",13
774,namata_mitsuru@example.com,生田,満,1,"1981-11-05 00:00:00",13
775,yasuda_masakazu@example.com,安田,マサカズ,1,"1973-02-02 00:00:00",29
776,miyazaki_saki@example.com,宮崎,紗季,2,"1980-05-20 00:00:00",24
777,tachibana_kouji@example.com,立花,耕司,1,"1970-08-21 00:00:00",13
778,takahashi_meisa@example.com,高橋,メイサ,2,"1990-02-27 00:00:00",27
779,numata_asami@example.com,沼田,あさみ,2,"1972-10-29 00:00:00",44
780,kawahara_yuuki@example.com,河原,祐基,1,"1963-12-26 00:00:00",1
781,yuuki_hajime@example.com,結城,一,1,"1978-07-05 00:00:00",18
782,taki_masatoshi@example.com,滝,正敏,1,"1980-08-26 00:00:00",39
783,kurosaki_kenji@example.com,黒崎,賢治,1,"1951-09-28 00:00:00",13
784,masuda_ayaka@example.com,益田,彩華,2,"1986-02-02 00:00:00",26
785,hashimoto_ai@example.com,橋本,あい,2,"1951-01-23 00:00:00",1
786,muraki_takeshi@example.com,村木,丈史,1,"1956-05-12 00:00:00",1
787,meguro_yuuichi@example.com,目黒,優一,1,"1997-03-25 00:00:00",28
788,ishizaka_kyouko@example.com,石坂,恭子,2,"1998-04-10 00:00:00",19
789,shimazaki_shibori@example.com,島崎,しぼり,2,"1973-03-11 00:00:00",29
790,takai_miho@example.com,高井,美帆,2,"1975-11-16 00:00:00",13
791,kanai_ai@example.com,金井,愛,2,"1964-07-31 00:00:00",34
792,ishiduka_ryou@example.com,石塚,亮,1,"1986-09-07 00:00:00",40
793,sanada_kazuhisa@example.com,真田,和久,1,"1975-04-09 00:00:00",11
794,anndou_sayaka@example.com,安藤,さやか,2,"1955-02-08 00:00:00",18
795,sone_satoshi@example.com,曽根,聡,1,"1987-11-14 00:00:00",32
796,tabata_shunji@example.com,田端,俊二,1,"1947-12-22 00:00:00",14
797,okada_meisa@example.com,岡田,メイサ,2,"1963-07-22 00:00:00",27
798,yusuke_nagatoshi@example.com,ユースケ,長利,1,"1951-05-16 00:00:00",6
799,sano_ann@example.com,佐野,杏,2,"1994-10-08 00:00:00",14
800,kumai_emiko@example.com,熊井,恵望子,2,"1988-04-09 00:00:00",27
801,abe_tarou@example.com,阿部,太朗,1,"1987-04-02 00:00:00",41
802,takei_you@example.com,武井,洋,1,"1992-02-02 00:00:00",42
803,tokushige_saki@example.com,徳重,紗季,2,"1976-07-24 00:00:00",35
804,fujiwara_juri@example.com,藤原,樹里,2,"1997-03-16 00:00:00",8
805,shirakawa_ryuukichi@example.com,白川,龍吉,1,"1961-08-22 00:00:00",11
806,niimura_seiichi@example.com,新村,誠一,1,"1994-12-02 00:00:00",13
807,kawai_shun@example.com,河合,瞬,2,"1990-12-06 00:00:00",24
808,yamagami_yuuichi@example.com,山上,優一,1,"1958-12-04 00:00:00",13
809,takayanagi_yuu@example.com,高柳,由宇,2,"1973-01-22 00:00:00",19
810,hinoshita_saori@example.com,日下,早織,2,"1990-07-11 00:00:00",16
811,kikuchi_myuu@example.com,菊地,美優,2,"1952-01-09 00:00:00",46
812,seto_atsuko@example.com,瀬戸,淳子,2,"1980-02-17 00:00:00",46
813,tsuruoka_ken@example.com,鶴岡,建,1,"1986-03-27 00:00:00",15
814,taue_miho@example.com,田上,美帆,2,"1986-05-22 00:00:00",11
815,shirota_asami@example.com,城田,あさみ,2,"1993-10-19 00:00:00",14
816,murata_harumi@example.com,村田,はるみ,2,"1979-12-20 00:00:00",14
817,uchimura_kenji@example.com,内村,研二,1,"1947-07-18 00:00:00",1
818,kawagoe_takashi@example.com,川越,隆,1,"1962-04-04 00:00:00",7
819,kurokawa_rinako@example.com,黒川,璃奈子,2,"1953-09-24 00:00:00",12
820,nozawa_ami@example.com,野沢,有海,2,"1990-04-11 00:00:00",14
821,kurosaki_mika@example.com,黒崎,美嘉,2,"1963-08-28 00:00:00",26
822,yuuki_katsuhisa@example.com,結城,勝久,1,"1989-09-28 00:00:00",11
823,ichida_ayako@example.com,市田,あや子,2,"1966-10-20 00:00:00",30
824,shibasaki_miri@example.com,柴咲,美里,2,"1966-03-18 00:00:00",30
825,honnyama_houshi@example.com,本山,法嗣,1,"1947-10-24 00:00:00",4
826,take_erika@example.com,武,エリカ,2,"1991-05-05 00:00:00",23
827,ueda_hikari@example.com,上田,ひかり,2,"1957-11-15 00:00:00",22
828,oobayashi_tomoka@example.com,大林,智花,2,"1997-09-06 00:00:00",43
829,sugasawa_harumi@example.com,菅澤,はるみ,2,"1963-11-13 00:00:00",36
830,takada_nanami@example.com,高田,菜々美,2,"1963-11-28 00:00:00",33
831,hirasawa_rena@example.com,平沢,玲那,2,"1985-04-20 00:00:00",22
832,manabe_ann@example.com,真鍋,杏,2,"1998-03-17 00:00:00",15
833,honjo_masami@example.com,本上,まさみ,2,"1958-06-26 00:00:00",41
834,etou_riho@example.com,江藤,里穂,2,"1962-09-13 00:00:00",35
835,matsuzawa_masayoshi@example.com,松沢,正義,1,"1962-12-05 00:00:00",22
836,koube_ouga@example.com,神戸,碧海,1,"1964-01-16 00:00:00",3
837,katagiri_michiko@example.com,片桐,美智子,2,"1985-08-07 00:00:00",46
838,kurosaki_mitsuru@example.com,黒崎,満,1,"1968-06-22 00:00:00",46
839,sugimoto_hidetaka@example.com,杉本,秀隆,1,"1958-07-21 00:00:00",34
840,yamaguchi_nana@example.com,山口,那奈,2,"1984-11-29 00:00:00",38
841,miyaji_mina@example.com,宮地,美菜,2,"1991-04-14 00:00:00",1
842,ichikawa_mina@example.com,市川,美菜,2,"1980-04-16 00:00:00",9
843,imoto_seiji@example.com,井本,誠治,1,"1993-09-05 00:00:00",20
844,shiraki_manami@example.com,白木,真奈美,2,"1953-11-09 00:00:00",35
845,uehara_shingo@example.com,上原,信吾,1,"1957-11-12 00:00:00",2
846,nakai_kouji@example.com,中井,晃司,1,"1997-04-27 00:00:00",13
847,hosokawa_yuu@example.com,細川,優,2,"1986-11-12 00:00:00",24
848,setouchi_mantarou@example.com,瀬戸内,慢太郎,1,"1982-12-10 00:00:00",29
849,narita_hikari@example.com,成田,ひかり,2,"1997-08-17 00:00:00",2
850,kishimoto_mantarou@example.com,岸本,慢太郎,1,"1984-10-17 00:00:00",26
851,ariga_tarou@example.com,有賀,太朗,1,"1949-05-04 00:00:00",26
852,hitoto_kaoru@example.com,一青,薫,1,"1993-08-19 00:00:00",40
853,yoshida_shinichi@example.com,吉田,真一,1,"1991-10-11 00:00:00",11
854,takenaka_mao@example.com,竹中,麻緒,2,"1985-08-18 00:00:00",2
855,koumoto_somegorou@example.com,河本,染五郎,1,"1996-11-26 00:00:00",22
856,yo_emi@example.com,余,えみ,2,"1975-01-17 00:00:00",38
857,toyohara_shunji@example.com,豊原,隼士,1,"1978-02-03 00:00:00",28
858,kadotani_teruo@example.com,角谷,照生,1,"1983-04-29 00:00:00",9
859,moriyama_ryuukichi@example.com,森山,龍吉,1,"1987-11-10 00:00:00",13
860,kubota_toshio@example.com,久保田,利夫,1,"1973-01-26 00:00:00",1
861,kumakura_akihiro@example.com,熊倉,明宏,1,"1967-12-07 00:00:00",27
862,serizawa_akira@example.com,芹沢,明,1,"1997-04-26 00:00:00",25
863,hidaka_saya@example.com,日高,沙耶,2,"1971-10-04 00:00:00",12
864,kajiwara_shouko@example.com,梶原,翔子,2,"1995-01-21 00:00:00",10
865,naitou_miyuki@example.com,内藤,美幸,2,"1987-05-10 00:00:00",29
866,hosoyama_ayame@example.com,細山,綾2,2,"1993-06-25 00:00:00",27
867,inoue_katsumi@example.com,井上,克実,1,"1996-07-17 00:00:00",14
868,miyazato_masahiko@example.com,宮里,雅彦,1,"1964-02-01 00:00:00",23
869,houjou_masatoshi@example.com,北条,雅功,1,"1959-11-01 00:00:00",14
870,tamaki_you@example.com,玉木,洋,1,"1961-08-25 00:00:00",39
871,sugimoto_reina@example.com,杉本,れいな,2,"1952-01-26 00:00:00",36
872,takahashi_shunji@example.com,高橋,俊二,1,"1975-12-17 00:00:00",16
873,oodaka_sayaka@example.com,大高,さやか,2,"1957-02-22 00:00:00",12
874,yamazaki_aoi@example.com,山崎,あおい,2,"1976-02-02 00:00:00",27
875,karasawa_hironari@example.com,唐沢,弘也,1,"1987-09-11 00:00:00",39
876,hata_masayoshi@example.com,羽田,正義,1,"1957-05-14 00:00:00",14
877,yanagi_riko@example.com,柳,璃子,2,"1963-11-15 00:00:00",13
878,imamura_maki@example.com,今村,真希,2,"1970-12-08 00:00:00",23
879,kannbara_hiroyuki@example.com,神原,広之,1,"1996-04-18 00:00:00",26
880,ueda_waka@example.com,上田,和香,2,"1947-05-10 00:00:00",33
881,noguchi_shunsuke@example.com,野口,俊介,1,"1983-03-30 00:00:00",32
882,tabe_toshiaki@example.com,多部,寿明,1,"1987-04-08 00:00:00",32
883,horiuchi_manami@example.com,堀内,まなみ,2,"1968-04-07 00:00:00",23
884,kanata_ryousuke@example.com,彼方,良介,1,"1963-12-14 00:00:00",11
885,nanase_koutarou@example.com,七瀬,浩太郎,1,"1996-04-16 00:00:00",31
886,yamauchi_chise@example.com,山内,知世,2,"1952-04-20 00:00:00",19
887,nishiaki_yuu@example.com,西秋,優,2,"1966-01-15 00:00:00",40
888,takei_ryou@example.com,武井,亮,1,"1981-10-20 00:00:00",13
889,waizumi_masatoshi@example.com,和泉,正敏,1,"1974-12-25 00:00:00",4
890,yamada_hitomi@example.com,山田,瞳,2,"1966-10-21 00:00:00",46
891,konuma_airi@example.com,小沼,愛梨,2,"1996-04-03 00:00:00",28
892,shiotani_tooru@example.com,塩谷,徹,1,"1950-03-25 00:00:00",43
893,hosoda_mahiru@example.com,細田,まひる,2,"1953-04-19 00:00:00",13
894,shimizu_akira@example.com,志水,明,1,"1969-01-03 00:00:00",5
895,toyota_kadue@example.com,とよた,一恵,2,"1959-07-07 00:00:00",3
896,fukuda_miwako@example.com,福田,美和子,2,"1982-03-22 00:00:00",33
897,suwa_yoshimasa@example.com,諏訪,芳正,1,"1980-02-10 00:00:00",11
898,mizushima_takane@example.com,水嶋,貴嶺,1,"1991-09-05 00:00:00",14
899,ishii_nana@example.com,石井,奈々,2,"1993-01-15 00:00:00",12
900,yamamoto_manami@example.com,山本,真奈美,2,"1978-05-14 00:00:00",14
901,shimamura_jin@example.com,島村,仁,1,"1967-01-25 00:00:00",14
902,tsuchihashi_masayo@example.com,土橋,昌代,2,"1957-07-30 00:00:00",8
903,nakata_ryuuji@example.com,中田,竜次,1,"1963-12-28 00:00:00",27
904,sonoda_shun@example.com,園田,瞬,2,"1968-08-01 00:00:00",4
905,watabe_takashi@example.com,渡部,高史,1,"1954-11-07 00:00:00",47
906,shimizu_kenji@example.com,清水,賢治,1,"1966-03-31 00:00:00",21
907,utada_kenji@example.com,宇多田,賢二,1,"1960-10-17 00:00:00",42
908,tomisawa_mitsunori@example.com,富沢,充則,1,"1985-01-18 00:00:00",37
909,ono_mika@example.com,小野,美佳,2,"1998-10-17 00:00:00",28
910,niimura_yuujirou@example.com,新村,裕次郎,1,"1982-08-29 00:00:00",17
911,sagawa_sadawo@example.com,佐川,サダヲ,1,"1996-08-17 00:00:00",4
912,okuda_mitsuhiro@example.com,奥田,光洋,1,"1979-10-23 00:00:00",26
913,oka_riho@example.com,岡,里穂,2,"1986-02-04 00:00:00",12
914,mine_hiromi@example.com,峰,ひろみ,2,"1987-12-25 00:00:00",14
915,sawai_satoshi@example.com,沢井,聡,1,"1988-09-24 00:00:00",44
916,hitoto_michiko@example.com,一青,路子,2,"1991-01-17 00:00:00",10
917,meguro_chise@example.com,目黒,知世,2,"1998-03-29 00:00:00",13
918,yasunaga_tetsuji@example.com,安永,鉄二,1,"1990-11-08 00:00:00",38
919,yagi_takashi@example.com,八木,崇史,1,"1982-12-23 00:00:00",23
920,shouji_saori@example.com,庄司,早織,2,"1970-10-06 00:00:00",7
921,inoue_yuuichi@example.com,井上,勇一,1,"1962-06-11 00:00:00",20
922,nakazawa_kanji@example.com,中沢,完爾,1,"1978-09-21 00:00:00",15
923,hiyoshi_kenichi@example.com,比嘉,憲一,1,"1993-02-27 00:00:00",8
924,izawa_kaoru@example.com,井沢,薫,2,"1975-10-18 00:00:00",43
925,ishiguro_dankichi@example.com,石黒,だん吉,1,"1961-05-03 00:00:00",13
926,hosaka_misa@example.com,保坂,美佐,2,"1972-12-07 00:00:00",13
927,okabe_asaka@example.com,岡部,朝香,2,"1974-02-04 00:00:00",14
928,nishimoto_ittoku@example.com,西本,一徳,1,"1981-11-07 00:00:00",6
929,doi_kousuke@example.com,土井,浩介,1,"1989-05-16 00:00:00",14
930,mochiduki_kaoru@example.com,望月,薫,1,"1987-03-16 00:00:00",13
931,katsumata_aki@example.com,勝又,あき,2,"1971-01-02 00:00:00",8
932,yasunaga_ryouko@example.com,安永,涼子,2,"1996-11-09 00:00:00",11
933,hatake_akinobu@example.com,畑,輝信,1,"1969-05-10 00:00:00",27
934,uemura_hideki@example.com,植村,秀樹,1,"1999-06-24 00:00:00",13
935,miwa_megumi@example.com,三輪,めぐみ,2,"1981-06-11 00:00:00",12
936,satou_jin@example.com,佐藤,仁,1,"1956-08-23 00:00:00",27
937,tomosaka_maki@example.com,ともさか,真希,2,"1994-07-18 00:00:00",6
938,nagaoka_masayuki@example.com,長岡,雅之,1,"1961-03-08 00:00:00",22
939,godai_ken@example.com,五大,建,1,"1968-12-11 00:00:00",24
940,masuda_hideki@example.com,益田,秀樹,1,"1999-09-17 00:00:00",13
941,mori_motoki@example.com,森,扶樹,1,"1965-12-14 00:00:00",1
942,oda_akane@example.com,小田,茜,2,"1997-09-03 00:00:00",13
943,kita_jun@example.com,喜多,惇,1,"1950-06-11 00:00:00",4
944,shimada_akiyoshi@example.com,島田,明慶,1,"1973-07-03 00:00:00",11
945,hasebe_hitori@example.com,長谷部,ひとり,1,"1996-05-01 00:00:00",28
946,asanuma_riho@example.com,浅沼,里穂,2,"1947-09-09 00:00:00",14
947,miki_miduki@example.com,美木,美月,2,"1982-03-05 00:00:00",22
948,shinoyama_ann@example.com,篠山,杏,2,"1955-11-22 00:00:00",10
949,yoshizawa_koutarou@example.com,吉沢,孝太郎,1,"1982-01-19 00:00:00",42
950,sasahara_ken@example.com,笹原,健,1,"1996-01-23 00:00:00",13
951,taki_miyuki@example.com,滝,みゆき,2,"1994-02-18 00:00:00",33
952,ueno_rio@example.com,上野,莉緒,2,"1978-01-20 00:00:00",27
953,yano_masatoshi@example.com,矢野,雅功,1,"1999-01-24 00:00:00",23
954,ishikura_hidetaka@example.com,石倉,秀隆,1,"1967-11-19 00:00:00",45
955,katagiri_ryou@example.com,片桐,亮,1,"1994-06-06 00:00:00",8
956,yamagami_youko@example.com,山上,陽子,2,"1994-02-01 00:00:00",21
957,nakane_kaoru@example.com,中根,薫,2,"1948-01-05 00:00:00",13
958,aizawa_aki@example.com,相沢,亜希,2,"1963-02-17 00:00:00",39
959,takigawa_takeshi@example.com,多岐川,丈史,1,"1986-01-23 00:00:00",40
960,egawa_keita@example.com,江川,慶太,1,"1985-10-22 00:00:00",28
961,kadota_ai@example.com,角田,愛,2,"1954-05-29 00:00:00",11
962,kusamura_ittoku@example.com,草村,一徳,1,"1953-10-05 00:00:00",23
963,hida_ryou@example.com,飛田,亮,1,"1986-01-13 00:00:00",14
964,koizumi_ryuuji@example.com,小泉,竜次,1,"1985-04-10 00:00:00",34
965,yoshioka_myuu@example.com,吉岡,美優,2,"1965-11-13 00:00:00",14
966,kano_mayuko@example.com,狩野,真悠子,2,"1975-02-15 00:00:00",11
967,okano_shibori@example.com,岡野,しぼり,2,"1995-06-22 00:00:00",11
968,yasuda_susumu@example.com,安田,進,1,"1990-01-27 00:00:00",11
969,izumi_aki@example.com,泉,亜希,2,"1977-03-14 00:00:00",4
970,kataoka_takurou@example.com,片岡,拓郎,1,"1962-03-24 00:00:00",13
971,uehara_aya@example.com,上原,彩,2,"1950-07-09 00:00:00",1
972,akashiya_ayako@example.com,明石家,あや子,2,"1999-06-15 00:00:00",39
973,imamura_hajime@example.com,今村,はじめ,1,"1971-08-07 00:00:00",46
974,kiyota_masayuki@example.com,清田,雅之,1,"1951-01-29 00:00:00",14
975,ikeuchi_hiroyuki@example.com,池内,宏行,1,"1971-08-29 00:00:00",40
976,maekawa_akihiro@example.com,前川,明宏,1,"1988-09-04 00:00:00",22
977,miki_koutarou@example.com,三木,浩太郎,1,"1994-10-21 00:00:00",3
978,oowada_haruka@example.com,大和田,はるか,2,"1968-04-05 00:00:00",45
979,yamagami_sayaka@example.com,山上,さやか,2,"1988-07-29 00:00:00",37
980,nakao_haruka@example.com,中尾,はるか,2,"1973-02-02 00:00:00",23
981,takeda_ruria@example.com,武田,瑠璃亜,2,"1985-05-28 00:00:00",9
982,shiozawa_erika@example.com,塩沢,恵梨香,2,"1966-11-17 00:00:00",23
983,kawabata_hiroki@example.com,川端,大樹,1,"1961-06-29 00:00:00",44
984,kawata_teppei@example.com,川田,徹平,1,"1990-10-16 00:00:00",11
985,yamamura_mitsuru@example.com,山村,満,1,"1979-08-26 00:00:00",1
986,sugimoto_miho@example.com,杉本,美帆,2,"1979-09-25 00:00:00",20
987,murata_haruki@example.com,村田,春樹,2,"1992-04-08 00:00:00",28
988,wakayama_sousuke@example.com,若山,蒼甫,1,"1962-08-29 00:00:00",15
989,tamaki_yoshiki@example.com,玉城,剛基,1,"1998-10-26 00:00:00",32
990,seo_meisa@example.com,瀬尾,メイサ,2,"1966-04-25 00:00:00",11
991,yanagisawa_fumiyo@example.com,柳沢,文世,2,"1969-01-31 00:00:00",11
992,okuyama_tatsuya@example.com,奥山,竜也,1,"1990-06-27 00:00:00",14
993,konno_takashi@example.com,紺野,崇史,1,"1963-10-28 00:00:00",11
994,muranaka_masahiko@example.com,村中,雅彦,1,"1975-12-10 00:00:00",13
995,ooe_kouhei@example.com,大江,幸平,1,"1985-09-13 00:00:00",16
996,hitoto_dankichi@example.com,一青,だん吉,1,"1989-02-22 00:00:00",12
997,hamamoto_ikue@example.com,浜本,郁恵,2,"1972-04-07 00:00:00",43
998,sakurai_rie@example.com,桜井,りえ,2,"1998-04-08 00:00:00",26
999,hoshi_tatsuhito@example.com,星,達士,1,"1979-11-19 00:00:00",11
1000,nakao_stmaria@example.com,中尾,サンタマリア,2,"1969-05-06 00:00:00",41
